Province,urban populaition,population,KE_UP_2020,Ruggeri_KE_size,Ruggeri_KE
Central,"2,177,847",5481848.829,39.72833013,5,0.041666667
Coast,"1,939,583",4327982.519,44.81494534,7,0.058333333
Eastern,"1,025,466",6809051.206,15.06033615,2,0.016666667
Nairobi,4395749,4395749,100,90,0.75
North Eastern,"658,442",2487235.198,26.47284827,1,0.008333333
Nyanza,"1,008,284",6259750.953,16.10741398,7,0.058333333
Rift Valley,"3,082,533",12751055.68,24.17472779,5,0.041666667
Western,"547,521",5024584.013,10.89684238,3,0.025
